incident_id,device_id,category,severity,opened_at,summary
INC-00001,LAPTOP-0001,Memory Pressure,Medium,2026-07-23T13:00:00Z,LAPTOP-0001 reported memory pressure with DEX 59.
INC-00002,LAPTOP-0001,VPN Disconnect,Medium,2026-07-15T14:00:00Z,LAPTOP-0001 reported vpn disconnect with DEX 59.
INC-00003,LAPTOP-0001,OneDrive Sync,Medium,2026-07-17T00:00:00Z,LAPTOP-0001 reported onedrive sync with DEX 59.
INC-00004,LAPTOP-0001,Wi-Fi Instability,High,2026-07-09T22:00:00Z,LAPTOP-0001 reported wi-fi instability with DEX 59.
INC-00005,LAPTOP-0002,OneDrive Sync,Medium,2026-07-05T02:00:00Z,LAPTOP-0002 reported onedrive sync with DEX 54.
INC-00006,LAPTOP-0004,Compliance Drift,High,2026-07-02T14:00:00Z,LAPTOP-0004 reported compliance drift with DEX 50.
INC-00007,LAPTOP-0004,CPU Saturation,Medium,2026-07-21T16:00:00Z,LAPTOP-0004 reported cpu saturation with DEX 50.
INC-00008,LAPTOP-0004,Teams Crash,Critical,2026-07-09T13:00:00Z,LAPTOP-0004 reported teams crash with DEX 50.
INC-00009,LAPTOP-0004,Disk Full,Low,2026-07-10T03:00:00Z,LAPTOP-0004 reported disk full with DEX 50.
INC-00010,LAPTOP-0005,Teams Crash,High,2026-07-19T00:00:00Z,LAPTOP-0005 reported teams crash with DEX 91.
INC-00011,LAPTOP-0005,Disk Full,High,2026-07-16T09:00:00Z,LAPTOP-0005 reported disk full with DEX 91.
INC-00012,LAPTOP-0005,Compliance Drift,Low,2026-07-06T02:00:00Z,LAPTOP-0005 reported compliance drift with DEX 91.
INC-00013,LAPTOP-0005,CPU Saturation,High,2026-07-11T13:00:00Z,LAPTOP-0005 reported cpu saturation with DEX 91.
INC-00014,LAPTOP-0005,Teams Crash,High,2026-07-26T15:00:00Z,LAPTOP-0005 reported teams crash with DEX 91.
INC-00015,LAPTOP-0005,Disk Full,High,2026-07-10T05:00:00Z,LAPTOP-0005 reported disk full with DEX 91.
INC-00016,LAPTOP-0005,Compliance Drift,Low,2026-07-08T13:00:00Z,LAPTOP-0005 reported compliance drift with DEX 91.
INC-00017,LAPTOP-0006,Memory Pressure,Low,2026-07-06T04:00:00Z,LAPTOP-0006 reported memory pressure with DEX 66.
INC-00018,LAPTOP-0006,VPN Disconnect,High,2026-07-03T11:00:00Z,LAPTOP-0006 reported vpn disconnect with DEX 66.
INC-00019,LAPTOP-0006,OneDrive Sync,High,2026-07-06T12:00:00Z,LAPTOP-0006 reported onedrive sync with DEX 66.
INC-00020,LAPTOP-0006,Wi-Fi Instability,Medium,2026-07-13T09:00:00Z,LAPTOP-0006 reported wi-fi instability with DEX 66.
INC-00021,LAPTOP-0006,Memory Pressure,Medium,2026-07-24T06:00:00Z,LAPTOP-0006 reported memory pressure with DEX 66.
INC-00022,LAPTOP-0007,Compliance Drift,Medium,2026-07-18T22:00:00Z,LAPTOP-0007 reported compliance drift with DEX 49.
INC-00023,LAPTOP-0007,CPU Saturation,Low,2026-07-11T12:00:00Z,LAPTOP-0007 reported cpu saturation with DEX 49.
INC-00024,LAPTOP-0007,Teams Crash,Medium,2026-07-24T21:00:00Z,LAPTOP-0007 reported teams crash with DEX 49.
INC-00025,LAPTOP-0008,Memory Pressure,Medium,2026-07-01T03:00:00Z,LAPTOP-0008 reported memory pressure with DEX 41.
INC-00026,LAPTOP-0008,VPN Disconnect,High,2026-07-18T06:00:00Z,LAPTOP-0008 reported vpn disconnect with DEX 41.
INC-00027,LAPTOP-0008,OneDrive Sync,High,2026-07-17T17:00:00Z,LAPTOP-0008 reported onedrive sync with DEX 41.
INC-00028,LAPTOP-0008,Wi-Fi Instability,Low,2026-07-24T21:00:00Z,LAPTOP-0008 reported wi-fi instability with DEX 41.
INC-00029,LAPTOP-0008,Memory Pressure,Low,2026-07-05T20:00:00Z,LAPTOP-0008 reported memory pressure with DEX 41.
INC-00030,LAPTOP-0008,VPN Disconnect,High,2026-07-27T13:00:00Z,LAPTOP-0008 reported vpn disconnect with DEX 41.
INC-00031,LAPTOP-0009,Wi-Fi Instability,Medium,2026-07-25T09:00:00Z,LAPTOP-0009 reported wi-fi instability with DEX 64.
INC-00032,LAPTOP-0009,Memory Pressure,Low,2026-07-17T13:00:00Z,LAPTOP-0009 reported memory pressure with DEX 64.
INC-00033,LAPTOP-0009,VPN Disconnect,Low,2026-07-22T05:00:00Z,LAPTOP-0009 reported vpn disconnect with DEX 64.
INC-00034,LAPTOP-0009,OneDrive Sync,Low,2026-07-21T02:00:00Z,LAPTOP-0009 reported onedrive sync with DEX 64.
INC-00035,LAPTOP-0009,Wi-Fi Instability,High,2026-07-18T09:00:00Z,LAPTOP-0009 reported wi-fi instability with DEX 64.
INC-00036,LAPTOP-0009,Memory Pressure,Low,2026-07-14T12:00:00Z,LAPTOP-0009 reported memory pressure with DEX 64.
INC-00037,LAPTOP-0010,OneDrive Sync,Low,2026-07-16T10:00:00Z,LAPTOP-0010 reported onedrive sync with DEX 60.
INC-00038,LAPTOP-0010,Wi-Fi Instability,Critical,2026-07-06T05:00:00Z,LAPTOP-0010 reported wi-fi instability with DEX 60.
INC-00039,LAPTOP-0010,Memory Pressure,Low,2026-07-11T21:00:00Z,LAPTOP-0010 reported memory pressure with DEX 60.
INC-00040,LAPTOP-0011,CPU Saturation,Critical,2026-07-23T17:00:00Z,LAPTOP-0011 reported cpu saturation with DEX 43.
INC-00041,LAPTOP-0011,Teams Crash,High,2026-07-17T16:00:00Z,LAPTOP-0011 reported teams crash with DEX 43.
INC-00042,LAPTOP-0011,Disk Full,Medium,2026-07-25T17:00:00Z,LAPTOP-0011 reported disk full with DEX 43.
INC-00043,LAPTOP-0011,Compliance Drift,Low,2026-07-25T12:00:00Z,LAPTOP-0011 reported compliance drift with DEX 43.
INC-00044,LAPTOP-0011,CPU Saturation,Low,2026-07-18T10:00:00Z,LAPTOP-0011 reported cpu saturation with DEX 43.
INC-00045,LAPTOP-0011,Teams Crash,Low,2026-07-12T11:00:00Z,LAPTOP-0011 reported teams crash with DEX 43.
INC-00046,LAPTOP-0011,Disk Full,Medium,2026-07-11T15:00:00Z,LAPTOP-0011 reported disk full with DEX 43.
INC-00047,LAPTOP-0012,Wi-Fi Instability,High,2026-07-25T04:00:00Z,LAPTOP-0012 reported wi-fi instability with DEX 54.
INC-00048,LAPTOP-0012,Memory Pressure,High,2026-07-23T02:00:00Z,LAPTOP-0012 reported memory pressure with DEX 54.
INC-00049,LAPTOP-0012,VPN Disconnect,Low,2026-07-16T12:00:00Z,LAPTOP-0012 reported vpn disconnect with DEX 54.
INC-00050,LAPTOP-0012,OneDrive Sync,Low,2026-07-18T07:00:00Z,LAPTOP-0012 reported onedrive sync with DEX 54.
INC-00051,LAPTOP-0012,Wi-Fi Instability,Low,2026-07-18T17:00:00Z,LAPTOP-0012 reported wi-fi instability with DEX 54.
INC-00052,LAPTOP-0012,Memory Pressure,Medium,2026-07-26T10:00:00Z,LAPTOP-0012 reported memory pressure with DEX 54.
INC-00053,LAPTOP-0012,VPN Disconnect,Medium,2026-07-16T16:00:00Z,LAPTOP-0012 reported vpn disconnect with DEX 54.
INC-00054,LAPTOP-0013,Compliance Drift,Medium,2026-07-02T07:00:00Z,LAPTOP-0013 reported compliance drift with DEX 74.
INC-00055,LAPTOP-0013,CPU Saturation,Medium,2026-07-13T07:00:00Z,LAPTOP-0013 reported cpu saturation with DEX 74.
INC-00056,LAPTOP-0013,Teams Crash,Low,2026-07-26T01:00:00Z,LAPTOP-0013 reported teams crash with DEX 74.
INC-00057,LAPTOP-0013,Disk Full,High,2026-07-22T21:00:00Z,LAPTOP-0013 reported disk full with DEX 74.
INC-00058,LAPTOP-0013,Compliance Drift,Low,2026-07-11T21:00:00Z,LAPTOP-0013 reported compliance drift with DEX 74.
INC-00059,LAPTOP-0014,VPN Disconnect,Medium,2026-07-01T18:00:00Z,LAPTOP-0014 reported vpn disconnect with DEX 56.
INC-00060,LAPTOP-0014,OneDrive Sync,Medium,2026-07-07T18:00:00Z,LAPTOP-0014 reported onedrive sync with DEX 56.
INC-00061,LAPTOP-0014,Wi-Fi Instability,Medium,2026-07-06T04:00:00Z,LAPTOP-0014 reported wi-fi instability with DEX 56.
INC-00062,LAPTOP-0014,Memory Pressure,Medium,2026-07-01T18:00:00Z,LAPTOP-0014 reported memory pressure with DEX 56.
INC-00063,LAPTOP-0015,Wi-Fi Instability,Low,2026-07-13T04:00:00Z,LAPTOP-0015 reported wi-fi instability with DEX 47.
INC-00064,LAPTOP-0015,Memory Pressure,Critical,2026-07-13T04:00:00Z,LAPTOP-0015 reported memory pressure with DEX 47.
INC-00065,LAPTOP-0015,VPN Disconnect,Medium,2026-07-12T00:00:00Z,LAPTOP-0015 reported vpn disconnect with DEX 47.
INC-00066,LAPTOP-0016,Teams Crash,Medium,2026-07-22T17:00:00Z,LAPTOP-0016 reported teams crash with DEX 62.
INC-00067,LAPTOP-0016,Disk Full,Low,2026-07-23T17:00:00Z,LAPTOP-0016 reported disk full with DEX 62.
INC-00068,LAPTOP-0016,Compliance Drift,Low,2026-07-09T14:00:00Z,LAPTOP-0016 reported compliance drift with DEX 62.
INC-00069,LAPTOP-0017,OneDrive Sync,Medium,2026-07-13T06:00:00Z,LAPTOP-0017 reported onedrive sync with DEX 71.
INC-00070,LAPTOP-0017,Wi-Fi Instability,Medium,2026-07-25T20:00:00Z,LAPTOP-0017 reported wi-fi instability with DEX 71.
INC-00071,LAPTOP-0017,Memory Pressure,Medium,2026-07-20T20:00:00Z,LAPTOP-0017 reported memory pressure with DEX 71.
INC-00072,LAPTOP-0017,VPN Disconnect,Low,2026-07-18T22:00:00Z,LAPTOP-0017 reported vpn disconnect with DEX 71.
INC-00073,LAPTOP-0017,OneDrive Sync,Low,2026-07-25T10:00:00Z,LAPTOP-0017 reported onedrive sync with DEX 71.
INC-00074,LAPTOP-0017,Wi-Fi Instability,Medium,2026-07-17T02:00:00Z,LAPTOP-0017 reported wi-fi instability with DEX 71.
INC-00075,LAPTOP-0018,VPN Disconnect,Medium,2026-07-11T04:00:00Z,LAPTOP-0018 reported vpn disconnect with DEX 63.
INC-00076,LAPTOP-0018,OneDrive Sync,High,2026-07-21T01:00:00Z,LAPTOP-0018 reported onedrive sync with DEX 63.
INC-00077,LAPTOP-0018,Wi-Fi Instability,Low,2026-07-10T11:00:00Z,LAPTOP-0018 reported wi-fi instability with DEX 63.
INC-00078,LAPTOP-0018,Memory Pressure,Medium,2026-07-19T00:00:00Z,LAPTOP-0018 reported memory pressure with DEX 63.
INC-00079,LAPTOP-0018,VPN Disconnect,Low,2026-07-22T14:00:00Z,LAPTOP-0018 reported vpn disconnect with DEX 63.
INC-00080,LAPTOP-0018,OneDrive Sync,Low,2026-07-24T10:00:00Z,LAPTOP-0018 reported onedrive sync with DEX 63.
INC-00081,LAPTOP-0019,Memory Pressure,Low,2026-07-20T22:00:00Z,LAPTOP-0019 reported memory pressure with DEX 55.
INC-00082,LAPTOP-0019,VPN Disconnect,High,2026-07-26T21:00:00Z,LAPTOP-0019 reported vpn disconnect with DEX 55.
INC-00083,LAPTOP-0019,OneDrive Sync,Low,2026-07-19T04:00:00Z,LAPTOP-0019 reported onedrive sync with DEX 55.
INC-00084,LAPTOP-0019,Wi-Fi Instability,Medium,2026-07-22T17:00:00Z,LAPTOP-0019 reported wi-fi instability with DEX 55.
INC-00085,LAPTOP-0019,Memory Pressure,High,2026-07-20T08:00:00Z,LAPTOP-0019 reported memory pressure with DEX 55.
INC-00086,LAPTOP-0019,VPN Disconnect,Critical,2026-07-01T09:00:00Z,LAPTOP-0019 reported vpn disconnect with DEX 55.
INC-00087,LAPTOP-0020,Wi-Fi Instability,Medium,2026-07-01T16:00:00Z,LAPTOP-0020 reported wi-fi instability with DEX 48.
INC-00088,LAPTOP-0020,Memory Pressure,Critical,2026-07-20T02:00:00Z,LAPTOP-0020 reported memory pressure with DEX 48.
INC-00089,LAPTOP-0020,VPN Disconnect,High,2026-07-20T18:00:00Z,LAPTOP-0020 reported vpn disconnect with DEX 48.
INC-00090,LAPTOP-0020,OneDrive Sync,Medium,2026-07-03T05:00:00Z,LAPTOP-0020 reported onedrive sync with DEX 48.
INC-00091,LAPTOP-0020,Wi-Fi Instability,High,2026-07-19T21:00:00Z,LAPTOP-0020 reported wi-fi instability with DEX 48.
INC-00092,LAPTOP-0020,Memory Pressure,Medium,2026-07-23T09:00:00Z,LAPTOP-0020 reported memory pressure with DEX 48.
INC-00093,LAPTOP-0021,OneDrive Sync,Low,2026-07-11T16:00:00Z,LAPTOP-0021 reported onedrive sync with DEX 95.
INC-00094,LAPTOP-0021,Wi-Fi Instability,High,2026-07-15T13:00:00Z,LAPTOP-0021 reported wi-fi instability with DEX 95.
INC-00095,LAPTOP-0021,Memory Pressure,Medium,2026-07-01T07:00:00Z,LAPTOP-0021 reported memory pressure with DEX 95.
INC-00096,LAPTOP-0021,VPN Disconnect,High,2026-07-20T15:00:00Z,LAPTOP-0021 reported vpn disconnect with DEX 95.
INC-00097,LAPTOP-0021,OneDrive Sync,Low,2026-07-07T20:00:00Z,LAPTOP-0021 reported onedrive sync with DEX 95.
INC-00098,LAPTOP-0021,Wi-Fi Instability,Medium,2026-07-11T02:00:00Z,LAPTOP-0021 reported wi-fi instability with DEX 95.
INC-00099,LAPTOP-0022,VPN Disconnect,Medium,2026-07-10T04:00:00Z,LAPTOP-0022 reported vpn disconnect with DEX 53.
INC-00100,LAPTOP-0022,OneDrive Sync,Low,2026-07-18T18:00:00Z,LAPTOP-0022 reported onedrive sync with DEX 53.
INC-00101,LAPTOP-0022,Wi-Fi Instability,Critical,2026-07-13T19:00:00Z,LAPTOP-0022 reported wi-fi instability with DEX 53.
INC-00102,LAPTOP-0022,Memory Pressure,Medium,2026-07-14T16:00:00Z,LAPTOP-0022 reported memory pressure with DEX 53.
INC-00103,LAPTOP-0022,VPN Disconnect,Low,2026-07-05T11:00:00Z,LAPTOP-0022 reported vpn disconnect with DEX 53.
INC-00104,LAPTOP-0022,OneDrive Sync,High,2026-07-17T05:00:00Z,LAPTOP-0022 reported onedrive sync with DEX 53.
INC-00105,LAPTOP-0022,Wi-Fi Instability,Low,2026-07-05T06:00:00Z,LAPTOP-0022 reported wi-fi instability with DEX 53.
INC-00106,LAPTOP-0023,Teams Crash,Low,2026-07-17T03:00:00Z,LAPTOP-0023 reported teams crash with DEX 30.
INC-00107,LAPTOP-0023,Disk Full,Low,2026-07-07T02:00:00Z,LAPTOP-0023 reported disk full with DEX 30.
INC-00108,LAPTOP-0023,Compliance Drift,High,2026-07-02T01:00:00Z,LAPTOP-0023 reported compliance drift with DEX 30.
INC-00109,LAPTOP-0023,CPU Saturation,Low,2026-07-22T09:00:00Z,LAPTOP-0023 reported cpu saturation with DEX 30.
INC-00110,LAPTOP-0023,Teams Crash,Critical,2026-07-12T13:00:00Z,LAPTOP-0023 reported teams crash with DEX 30.
INC-00111,LAPTOP-0023,Disk Full,Medium,2026-07-27T15:00:00Z,LAPTOP-0023 reported disk full with DEX 30.
INC-00112,LAPTOP-0023,Compliance Drift,Critical,2026-07-26T13:00:00Z,LAPTOP-0023 reported compliance drift with DEX 30.
INC-00113,LAPTOP-0024,Memory Pressure,Medium,2026-07-08T18:00:00Z,LAPTOP-0024 reported memory pressure with DEX 60.
INC-00114,LAPTOP-0024,VPN Disconnect,Medium,2026-07-27T06:00:00Z,LAPTOP-0024 reported vpn disconnect with DEX 60.
INC-00115,LAPTOP-0024,OneDrive Sync,Low,2026-07-15T05:00:00Z,LAPTOP-0024 reported onedrive sync with DEX 60.
INC-00116,LAPTOP-0024,Wi-Fi Instability,Low,2026-07-01T08:00:00Z,LAPTOP-0024 reported wi-fi instability with DEX 60.
INC-00117,LAPTOP-0025,OneDrive Sync,Critical,2026-07-04T14:00:00Z,LAPTOP-0025 reported onedrive sync with DEX 87.
INC-00118,LAPTOP-0025,Wi-Fi Instability,Low,2026-07-03T19:00:00Z,LAPTOP-0025 reported wi-fi instability with DEX 87.
INC-00119,LAPTOP-0025,Memory Pressure,Medium,2026-07-25T20:00:00Z,LAPTOP-0025 reported memory pressure with DEX 87.
INC-00120,LAPTOP-0025,VPN Disconnect,High,2026-07-23T14:00:00Z,LAPTOP-0025 reported vpn disconnect with DEX 87.
INC-00121,LAPTOP-0025,OneDrive Sync,Low,2026-07-04T00:00:00Z,LAPTOP-0025 reported onedrive sync with DEX 87.
INC-00122,LAPTOP-0026,Teams Crash,Medium,2026-07-22T09:00:00Z,LAPTOP-0026 reported teams crash with DEX 57.
INC-00123,LAPTOP-0026,Disk Full,Medium,2026-07-03T22:00:00Z,LAPTOP-0026 reported disk full with DEX 57.
INC-00124,LAPTOP-0026,Compliance Drift,Medium,2026-07-10T16:00:00Z,LAPTOP-0026 reported compliance drift with DEX 57.
INC-00125,LAPTOP-0027,OneDrive Sync,Medium,2026-07-24T00:00:00Z,LAPTOP-0027 reported onedrive sync with DEX 57.
INC-00126,LAPTOP-0027,Wi-Fi Instability,High,2026-07-10T04:00:00Z,LAPTOP-0027 reported wi-fi instability with DEX 57.
INC-00127,LAPTOP-0027,Memory Pressure,Low,2026-07-07T02:00:00Z,LAPTOP-0027 reported memory pressure with DEX 57.
INC-00128,LAPTOP-0028,CPU Saturation,Medium,2026-07-13T17:00:00Z,LAPTOP-0028 reported cpu saturation with DEX 64.
INC-00129,LAPTOP-0028,Teams Crash,High,2026-07-14T17:00:00Z,LAPTOP-0028 reported teams crash with DEX 64.
INC-00130,LAPTOP-0029,Teams Crash,High,2026-07-06T10:00:00Z,LAPTOP-0029 reported teams crash with DEX 49.
INC-00131,LAPTOP-0030,VPN Disconnect,Medium,2026-07-04T09:00:00Z,LAPTOP-0030 reported vpn disconnect with DEX 64.
INC-00132,LAPTOP-0030,OneDrive Sync,Medium,2026-07-21T14:00:00Z,LAPTOP-0030 reported onedrive sync with DEX 64.
INC-00133,LAPTOP-0030,Wi-Fi Instability,Critical,2026-07-26T15:00:00Z,LAPTOP-0030 reported wi-fi instability with DEX 64.
INC-00134,LAPTOP-0030,Memory Pressure,Critical,2026-07-08T04:00:00Z,LAPTOP-0030 reported memory pressure with DEX 64.
INC-00135,LAPTOP-0031,Wi-Fi Instability,Low,2026-07-25T20:00:00Z,LAPTOP-0031 reported wi-fi instability with DEX 53.
INC-00136,LAPTOP-0031,Memory Pressure,Low,2026-07-10T20:00:00Z,LAPTOP-0031 reported memory pressure with DEX 53.
INC-00137,LAPTOP-0031,VPN Disconnect,High,2026-07-22T16:00:00Z,LAPTOP-0031 reported vpn disconnect with DEX 53.
INC-00138,LAPTOP-0032,Teams Crash,High,2026-07-09T21:00:00Z,LAPTOP-0032 reported teams crash with DEX 57.
INC-00139,LAPTOP-0032,Disk Full,Medium,2026-07-26T21:00:00Z,LAPTOP-0032 reported disk full with DEX 57.
INC-00140,LAPTOP-0032,Compliance Drift,Medium,2026-07-10T22:00:00Z,LAPTOP-0032 reported compliance drift with DEX 57.
INC-00141,LAPTOP-0032,CPU Saturation,Medium,2026-07-25T17:00:00Z,LAPTOP-0032 reported cpu saturation with DEX 57.
INC-00142,LAPTOP-0032,Teams Crash,Medium,2026-07-20T12:00:00Z,LAPTOP-0032 reported teams crash with DEX 57.
INC-00143,LAPTOP-0033,Wi-Fi Instability,Low,2026-07-13T15:00:00Z,LAPTOP-0033 reported wi-fi instability with DEX 56.
INC-00144,LAPTOP-0033,Memory Pressure,Medium,2026-07-03T05:00:00Z,LAPTOP-0033 reported memory pressure with DEX 56.
INC-00145,LAPTOP-0033,VPN Disconnect,High,2026-07-05T22:00:00Z,LAPTOP-0033 reported vpn disconnect with DEX 56.
INC-00146,LAPTOP-0033,OneDrive Sync,High,2026-07-27T06:00:00Z,LAPTOP-0033 reported onedrive sync with DEX 56.
INC-00147,LAPTOP-0033,Wi-Fi Instability,Critical,2026-07-07T19:00:00Z,LAPTOP-0033 reported wi-fi instability with DEX 56.
INC-00148,LAPTOP-0033,Memory Pressure,Low,2026-07-25T07:00:00Z,LAPTOP-0033 reported memory pressure with DEX 56.
INC-00149,LAPTOP-0034,OneDrive Sync,Low,2026-07-24T06:00:00Z,LAPTOP-0034 reported onedrive sync with DEX 60.
INC-00150,LAPTOP-0034,Wi-Fi Instability,Medium,2026-07-09T09:00:00Z,LAPTOP-0034 reported wi-fi instability with DEX 60.
INC-00151,LAPTOP-0034,Memory Pressure,High,2026-07-03T16:00:00Z,LAPTOP-0034 reported memory pressure with DEX 60.
INC-00152,LAPTOP-0034,VPN Disconnect,Low,2026-07-12T03:00:00Z,LAPTOP-0034 reported vpn disconnect with DEX 60.
INC-00153,LAPTOP-0037,Memory Pressure,Critical,2026-07-22T04:00:00Z,LAPTOP-0037 reported memory pressure with DEX 40.
INC-00154,LAPTOP-0037,VPN Disconnect,Medium,2026-07-09T08:00:00Z,LAPTOP-0037 reported vpn disconnect with DEX 40.
INC-00155,LAPTOP-0037,OneDrive Sync,High,2026-07-03T03:00:00Z,LAPTOP-0037 reported onedrive sync with DEX 40.
INC-00156,LAPTOP-0038,Disk Full,Medium,2026-07-05T00:00:00Z,LAPTOP-0038 reported disk full with DEX 33.
INC-00157,LAPTOP-0038,Compliance Drift,Low,2026-07-27T19:00:00Z,LAPTOP-0038 reported compliance drift with DEX 33.
INC-00158,LAPTOP-0038,CPU Saturation,High,2026-07-04T12:00:00Z,LAPTOP-0038 reported cpu saturation with DEX 33.
INC-00159,LAPTOP-0038,Teams Crash,Low,2026-07-02T12:00:00Z,LAPTOP-0038 reported teams crash with DEX 33.
INC-00160,LAPTOP-0038,Disk Full,Medium,2026-07-15T21:00:00Z,LAPTOP-0038 reported disk full with DEX 33.
INC-00161,LAPTOP-0038,Compliance Drift,Medium,2026-07-10T18:00:00Z,LAPTOP-0038 reported compliance drift with DEX 33.
INC-00162,LAPTOP-0038,CPU Saturation,Medium,2026-07-23T03:00:00Z,LAPTOP-0038 reported cpu saturation with DEX 33.
INC-00163,LAPTOP-0039,VPN Disconnect,Medium,2026-07-15T17:00:00Z,LAPTOP-0039 reported vpn disconnect with DEX 41.
INC-00164,LAPTOP-0039,OneDrive Sync,Medium,2026-07-26T14:00:00Z,LAPTOP-0039 reported onedrive sync with DEX 41.
INC-00165,LAPTOP-0039,Wi-Fi Instability,Medium,2026-07-01T15:00:00Z,LAPTOP-0039 reported wi-fi instability with DEX 41.
INC-00166,LAPTOP-0039,Memory Pressure,High,2026-07-16T10:00:00Z,LAPTOP-0039 reported memory pressure with DEX 41.
INC-00167,LAPTOP-0039,VPN Disconnect,Low,2026-07-15T07:00:00Z,LAPTOP-0039 reported vpn disconnect with DEX 41.
INC-00168,LAPTOP-0041,CPU Saturation,Low,2026-07-04T13:00:00Z,LAPTOP-0041 reported cpu saturation with DEX 61.
INC-00169,LAPTOP-0041,Teams Crash,Medium,2026-07-07T00:00:00Z,LAPTOP-0041 reported teams crash with DEX 61.
INC-00170,LAPTOP-0041,Disk Full,Medium,2026-07-03T02:00:00Z,LAPTOP-0041 reported disk full with DEX 61.
INC-00171,LAPTOP-0041,Compliance Drift,High,2026-07-10T12:00:00Z,LAPTOP-0041 reported compliance drift with DEX 61.
INC-00172,LAPTOP-0042,Disk Full,Low,2026-07-21T07:00:00Z,LAPTOP-0042 reported disk full with DEX 36.
INC-00173,LAPTOP-0042,Compliance Drift,Low,2026-07-09T06:00:00Z,LAPTOP-0042 reported compliance drift with DEX 36.
INC-00174,LAPTOP-0042,CPU Saturation,Low,2026-07-25T16:00:00Z,LAPTOP-0042 reported cpu saturation with DEX 36.
INC-00175,LAPTOP-0042,Teams Crash,Low,2026-07-25T20:00:00Z,LAPTOP-0042 reported teams crash with DEX 36.
INC-00176,LAPTOP-0042,Disk Full,Medium,2026-07-10T16:00:00Z,LAPTOP-0042 reported disk full with DEX 36.
INC-00177,LAPTOP-0044,Memory Pressure,Low,2026-07-01T07:00:00Z,LAPTOP-0044 reported memory pressure with DEX 51.
INC-00178,LAPTOP-0044,VPN Disconnect,High,2026-07-08T03:00:00Z,LAPTOP-0044 reported vpn disconnect with DEX 51.
INC-00179,LAPTOP-0044,OneDrive Sync,Critical,2026-07-01T17:00:00Z,LAPTOP-0044 reported onedrive sync with DEX 51.
INC-00180,LAPTOP-0044,Wi-Fi Instability,Medium,2026-07-23T02:00:00Z,LAPTOP-0044 reported wi-fi instability with DEX 51.
INC-00181,LAPTOP-0044,Memory Pressure,Low,2026-07-08T08:00:00Z,LAPTOP-0044 reported memory pressure with DEX 51.
INC-00182,LAPTOP-0045,Compliance Drift,Low,2026-07-20T18:00:00Z,LAPTOP-0045 reported compliance drift with DEX 67.
INC-00183,LAPTOP-0045,CPU Saturation,High,2026-07-22T01:00:00Z,LAPTOP-0045 reported cpu saturation with DEX 67.
INC-00184,LAPTOP-0045,Teams Crash,Low,2026-07-20T13:00:00Z,LAPTOP-0045 reported teams crash with DEX 67.
INC-00185,LAPTOP-0045,Disk Full,Low,2026-07-05T02:00:00Z,LAPTOP-0045 reported disk full with DEX 67.
INC-00186,LAPTOP-0046,Teams Crash,Medium,2026-07-23T07:00:00Z,LAPTOP-0046 reported teams crash with DEX 43.
INC-00187,LAPTOP-0046,Disk Full,Medium,2026-07-27T12:00:00Z,LAPTOP-0046 reported disk full with DEX 43.
INC-00188,LAPTOP-0046,Compliance Drift,Medium,2026-07-05T13:00:00Z,LAPTOP-0046 reported compliance drift with DEX 43.
INC-00189,LAPTOP-0047,OneDrive Sync,Medium,2026-07-17T09:00:00Z,LAPTOP-0047 reported onedrive sync with DEX 80.
INC-00190,LAPTOP-0047,Wi-Fi Instability,Low,2026-07-10T21:00:00Z,LAPTOP-0047 reported wi-fi instability with DEX 80.
INC-00191,LAPTOP-0047,Memory Pressure,Critical,2026-07-26T15:00:00Z,LAPTOP-0047 reported memory pressure with DEX 80.
INC-00192,LAPTOP-0048,CPU Saturation,High,2026-07-02T22:00:00Z,LAPTOP-0048 reported cpu saturation with DEX 40.
INC-00193,LAPTOP-0049,Memory Pressure,Low,2026-07-10T09:00:00Z,LAPTOP-0049 reported memory pressure with DEX 52.
INC-00194,LAPTOP-0050,Teams Crash,Medium,2026-07-03T04:00:00Z,LAPTOP-0050 reported teams crash with DEX 63.
INC-00195,LAPTOP-0050,Disk Full,High,2026-07-05T12:00:00Z,LAPTOP-0050 reported disk full with DEX 63.
INC-00196,LAPTOP-0051,Disk Full,Medium,2026-07-27T01:00:00Z,LAPTOP-0051 reported disk full with DEX 79.
INC-00197,LAPTOP-0051,Compliance Drift,Low,2026-07-27T22:00:00Z,LAPTOP-0051 reported compliance drift with DEX 79.
INC-00198,LAPTOP-0052,Compliance Drift,High,2026-07-22T06:00:00Z,LAPTOP-0052 reported compliance drift with DEX 59.
INC-00199,LAPTOP-0052,CPU Saturation,Medium,2026-07-21T00:00:00Z,LAPTOP-0052 reported cpu saturation with DEX 59.
INC-00200,LAPTOP-0052,Teams Crash,High,2026-07-26T04:00:00Z,LAPTOP-0052 reported teams crash with DEX 59.
INC-00201,LAPTOP-0053,Memory Pressure,Medium,2026-07-12T20:00:00Z,LAPTOP-0053 reported memory pressure with DEX 39.
INC-00202,LAPTOP-0053,VPN Disconnect,High,2026-07-16T07:00:00Z,LAPTOP-0053 reported vpn disconnect with DEX 39.
INC-00203,LAPTOP-0053,OneDrive Sync,Medium,2026-07-19T03:00:00Z,LAPTOP-0053 reported onedrive sync with DEX 39.
INC-00204,LAPTOP-0054,Disk Full,Low,2026-07-21T17:00:00Z,LAPTOP-0054 reported disk full with DEX 57.
INC-00205,LAPTOP-0054,Compliance Drift,High,2026-07-24T17:00:00Z,LAPTOP-0054 reported compliance drift with DEX 57.
INC-00206,LAPTOP-0054,CPU Saturation,High,2026-07-23T20:00:00Z,LAPTOP-0054 reported cpu saturation with DEX 57.
INC-00207,LAPTOP-0054,Teams Crash,Medium,2026-07-25T12:00:00Z,LAPTOP-0054 reported teams crash with DEX 57.
INC-00208,LAPTOP-0054,Disk Full,Medium,2026-07-03T15:00:00Z,LAPTOP-0054 reported disk full with DEX 57.
INC-00209,LAPTOP-0054,Compliance Drift,Critical,2026-07-13T19:00:00Z,LAPTOP-0054 reported compliance drift with DEX 57.
INC-00210,LAPTOP-0055,Teams Crash,Medium,2026-07-12T22:00:00Z,LAPTOP-0055 reported teams crash with DEX 66.
INC-00211,LAPTOP-0056,VPN Disconnect,High,2026-07-24T13:00:00Z,LAPTOP-0056 reported vpn disconnect with DEX 55.
INC-00212,LAPTOP-0056,OneDrive Sync,Low,2026-07-26T12:00:00Z,LAPTOP-0056 reported onedrive sync with DEX 55.
INC-00213,LAPTOP-0056,Wi-Fi Instability,Medium,2026-07-27T00:00:00Z,LAPTOP-0056 reported wi-fi instability with DEX 55.
INC-00214,LAPTOP-0056,Memory Pressure,Medium,2026-07-04T16:00:00Z,LAPTOP-0056 reported memory pressure with DEX 55.
INC-00215,LAPTOP-0057,Wi-Fi Instability,Low,2026-07-03T01:00:00Z,LAPTOP-0057 reported wi-fi instability with DEX 67.
INC-00216,LAPTOP-0057,Memory Pressure,Low,2026-07-22T06:00:00Z,LAPTOP-0057 reported memory pressure with DEX 67.
INC-00217,LAPTOP-0057,VPN Disconnect,High,2026-07-13T08:00:00Z,LAPTOP-0057 reported vpn disconnect with DEX 67.
INC-00218,LAPTOP-0057,OneDrive Sync,Low,2026-07-25T22:00:00Z,LAPTOP-0057 reported onedrive sync with DEX 67.
INC-00219,LAPTOP-0058,VPN Disconnect,Low,2026-07-25T16:00:00Z,LAPTOP-0058 reported vpn disconnect with DEX 46.
INC-00220,LAPTOP-0058,OneDrive Sync,High,2026-07-01T14:00:00Z,LAPTOP-0058 reported onedrive sync with DEX 46.
INC-00221,LAPTOP-0058,Wi-Fi Instability,Medium,2026-07-16T08:00:00Z,LAPTOP-0058 reported wi-fi instability with DEX 46.
INC-00222,LAPTOP-0059,Compliance Drift,Medium,2026-07-15T09:00:00Z,LAPTOP-0059 reported compliance drift with DEX 69.
INC-00223,LAPTOP-0059,CPU Saturation,Medium,2026-07-24T06:00:00Z,LAPTOP-0059 reported cpu saturation with DEX 69.
INC-00224,LAPTOP-0059,Teams Crash,High,2026-07-08T20:00:00Z,LAPTOP-0059 reported teams crash with DEX 69.
INC-00225,LAPTOP-0059,Disk Full,Critical,2026-07-01T06:00:00Z,LAPTOP-0059 reported disk full with DEX 69.
INC-00226,LAPTOP-0059,Compliance Drift,Medium,2026-07-09T00:00:00Z,LAPTOP-0059 reported compliance drift with DEX 69.
INC-00227,LAPTOP-0060,VPN Disconnect,Low,2026-07-16T12:00:00Z,LAPTOP-0060 reported vpn disconnect with DEX 25.
INC-00228,LAPTOP-0060,OneDrive Sync,Medium,2026-07-02T14:00:00Z,LAPTOP-0060 reported onedrive sync with DEX 25.
INC-00229,LAPTOP-0060,Wi-Fi Instability,Medium,2026-07-19T15:00:00Z,LAPTOP-0060 reported wi-fi instability with DEX 25.
INC-00230,LAPTOP-0060,Memory Pressure,Low,2026-07-20T15:00:00Z,LAPTOP-0060 reported memory pressure with DEX 25.
INC-00231,LAPTOP-0060,VPN Disconnect,High,2026-07-15T15:00:00Z,LAPTOP-0060 reported vpn disconnect with DEX 25.
INC-00232,LAPTOP-0060,OneDrive Sync,Medium,2026-07-01T21:00:00Z,LAPTOP-0060 reported onedrive sync with DEX 25.
INC-00233,LAPTOP-0060,Wi-Fi Instability,High,2026-07-17T00:00:00Z,LAPTOP-0060 reported wi-fi instability with DEX 25.
INC-00234,LAPTOP-0062,Teams Crash,Low,2026-07-24T10:00:00Z,LAPTOP-0062 reported teams crash with DEX 63.
INC-00235,LAPTOP-0062,Disk Full,Low,2026-07-15T03:00:00Z,LAPTOP-0062 reported disk full with DEX 63.
INC-00236,LAPTOP-0062,Compliance Drift,Medium,2026-07-18T19:00:00Z,LAPTOP-0062 reported compliance drift with DEX 63.
INC-00237,LAPTOP-0062,CPU Saturation,Medium,2026-07-10T08:00:00Z,LAPTOP-0062 reported cpu saturation with DEX 63.
INC-00238,LAPTOP-0062,Teams Crash,Low,2026-07-11T06:00:00Z,LAPTOP-0062 reported teams crash with DEX 63.
INC-00239,LAPTOP-0062,Disk Full,Low,2026-07-13T09:00:00Z,LAPTOP-0062 reported disk full with DEX 63.
INC-00240,LAPTOP-0062,Compliance Drift,Low,2026-07-12T03:00:00Z,LAPTOP-0062 reported compliance drift with DEX 63.
INC-00241,LAPTOP-0063,Memory Pressure,Medium,2026-07-12T20:00:00Z,LAPTOP-0063 reported memory pressure with DEX 73.
INC-00242,LAPTOP-0064,Teams Crash,Low,2026-07-05T13:00:00Z,LAPTOP-0064 reported teams crash with DEX 70.
INC-00243,LAPTOP-0064,Disk Full,Medium,2026-07-20T10:00:00Z,LAPTOP-0064 reported disk full with DEX 70.
INC-00244,LAPTOP-0064,Compliance Drift,Low,2026-07-27T15:00:00Z,LAPTOP-0064 reported compliance drift with DEX 70.
INC-00245,LAPTOP-0064,CPU Saturation,High,2026-07-03T15:00:00Z,LAPTOP-0064 reported cpu saturation with DEX 70.
INC-00246,LAPTOP-0064,Teams Crash,Medium,2026-07-26T17:00:00Z,LAPTOP-0064 reported teams crash with DEX 70.
INC-00247,LAPTOP-0064,Disk Full,Low,2026-07-05T16:00:00Z,LAPTOP-0064 reported disk full with DEX 70.
INC-00248,LAPTOP-0065,CPU Saturation,High,2026-07-10T00:00:00Z,LAPTOP-0065 reported cpu saturation with DEX 86.
INC-00249,LAPTOP-0065,Teams Crash,Low,2026-07-13T10:00:00Z,LAPTOP-0065 reported teams crash with DEX 86.
INC-00250,LAPTOP-0065,Disk Full,Medium,2026-07-02T04:00:00Z,LAPTOP-0065 reported disk full with DEX 86.
INC-00251,LAPTOP-0065,Compliance Drift,Low,2026-07-17T03:00:00Z,LAPTOP-0065 reported compliance drift with DEX 86.
INC-00252,LAPTOP-0066,Disk Full,High,2026-07-12T07:00:00Z,LAPTOP-0066 reported disk full with DEX 43.
INC-00253,LAPTOP-0067,OneDrive Sync,Medium,2026-07-02T09:00:00Z,LAPTOP-0067 reported onedrive sync with DEX 70.
INC-00254,LAPTOP-0067,Wi-Fi Instability,High,2026-07-18T03:00:00Z,LAPTOP-0067 reported wi-fi instability with DEX 70.
INC-00255,LAPTOP-0067,Memory Pressure,Low,2026-07-08T12:00:00Z,LAPTOP-0067 reported memory pressure with DEX 70.
INC-00256,LAPTOP-0067,VPN Disconnect,High,2026-07-21T16:00:00Z,LAPTOP-0067 reported vpn disconnect with DEX 70.
INC-00257,LAPTOP-0067,OneDrive Sync,Medium,2026-07-25T17:00:00Z,LAPTOP-0067 reported onedrive sync with DEX 70.
INC-00258,LAPTOP-0067,Wi-Fi Instability,High,2026-07-16T22:00:00Z,LAPTOP-0067 reported wi-fi instability with DEX 70.
INC-00259,LAPTOP-0067,Memory Pressure,High,2026-07-19T02:00:00Z,LAPTOP-0067 reported memory pressure with DEX 70.
INC-00260,LAPTOP-0068,Disk Full,Low,2026-07-22T13:00:00Z,LAPTOP-0068 reported disk full with DEX 40.
INC-00261,LAPTOP-0068,Compliance Drift,Low,2026-07-24T05:00:00Z,LAPTOP-0068 reported compliance drift with DEX 40.
INC-00262,LAPTOP-0068,CPU Saturation,Low,2026-07-22T01:00:00Z,LAPTOP-0068 reported cpu saturation with DEX 40.
INC-00263,LAPTOP-0068,Teams Crash,Low,2026-07-18T12:00:00Z,LAPTOP-0068 reported teams crash with DEX 40.
INC-00264,LAPTOP-0068,Disk Full,Medium,2026-07-13T11:00:00Z,LAPTOP-0068 reported disk full with DEX 40.
INC-00265,LAPTOP-0068,Compliance Drift,Low,2026-07-23T13:00:00Z,LAPTOP-0068 reported compliance drift with DEX 40.
INC-00266,LAPTOP-0069,Teams Crash,High,2026-07-17T03:00:00Z,LAPTOP-0069 reported teams crash with DEX 34.
INC-00267,LAPTOP-0070,VPN Disconnect,Medium,2026-07-25T07:00:00Z,LAPTOP-0070 reported vpn disconnect with DEX 55.
INC-00268,LAPTOP-0070,OneDrive Sync,Low,2026-07-13T12:00:00Z,LAPTOP-0070 reported onedrive sync with DEX 55.
INC-00269,LAPTOP-0070,Wi-Fi Instability,Medium,2026-07-23T08:00:00Z,LAPTOP-0070 reported wi-fi instability with DEX 55.
INC-00270,LAPTOP-0070,Memory Pressure,High,2026-07-07T00:00:00Z,LAPTOP-0070 reported memory pressure with DEX 55.
INC-00271,LAPTOP-0070,VPN Disconnect,Low,2026-07-05T19:00:00Z,LAPTOP-0070 reported vpn disconnect with DEX 55.
INC-00272,LAPTOP-0070,OneDrive Sync,Medium,2026-07-02T21:00:00Z,LAPTOP-0070 reported onedrive sync with DEX 55.
INC-00273,LAPTOP-0070,Wi-Fi Instability,Medium,2026-07-10T07:00:00Z,LAPTOP-0070 reported wi-fi instability with DEX 55.
INC-00274,LAPTOP-0071,Teams Crash,High,2026-07-25T09:00:00Z,LAPTOP-0071 reported teams crash with DEX 46.
INC-00275,LAPTOP-0072,VPN Disconnect,High,2026-07-15T07:00:00Z,LAPTOP-0072 reported vpn disconnect with DEX 61.
INC-00276,LAPTOP-0074,Disk Full,High,2026-07-07T16:00:00Z,LAPTOP-0074 reported disk full with DEX 46.
INC-00277,LAPTOP-0074,Compliance Drift,Low,2026-07-02T03:00:00Z,LAPTOP-0074 reported compliance drift with DEX 46.
INC-00278,LAPTOP-0074,CPU Saturation,Medium,2026-07-06T21:00:00Z,LAPTOP-0074 reported cpu saturation with DEX 46.
INC-00279,LAPTOP-0074,Teams Crash,Medium,2026-07-04T12:00:00Z,LAPTOP-0074 reported teams crash with DEX 46.
INC-00280,LAPTOP-0074,Disk Full,Medium,2026-07-25T22:00:00Z,LAPTOP-0074 reported disk full with DEX 46.
INC-00281,LAPTOP-0075,Memory Pressure,High,2026-07-14T07:00:00Z,LAPTOP-0075 reported memory pressure with DEX 51.
INC-00282,LAPTOP-0075,VPN Disconnect,Low,2026-07-25T02:00:00Z,LAPTOP-0075 reported vpn disconnect with DEX 51.
INC-00283,LAPTOP-0076,VPN Disconnect,Low,2026-07-08T14:00:00Z,LAPTOP-0076 reported vpn disconnect with DEX 71.
INC-00284,LAPTOP-0076,OneDrive Sync,Low,2026-07-22T01:00:00Z,LAPTOP-0076 reported onedrive sync with DEX 71.
INC-00285,LAPTOP-0076,Wi-Fi Instability,Low,2026-07-06T21:00:00Z,LAPTOP-0076 reported wi-fi instability with DEX 71.
INC-00286,LAPTOP-0077,Compliance Drift,Medium,2026-07-20T06:00:00Z,LAPTOP-0077 reported compliance drift with DEX 55.
INC-00287,LAPTOP-0077,CPU Saturation,Low,2026-07-01T07:00:00Z,LAPTOP-0077 reported cpu saturation with DEX 55.
INC-00288,LAPTOP-0077,Teams Crash,Low,2026-07-05T04:00:00Z,LAPTOP-0077 reported teams crash with DEX 55.
INC-00289,LAPTOP-0077,Disk Full,Medium,2026-07-15T16:00:00Z,LAPTOP-0077 reported disk full with DEX 55.
INC-00290,LAPTOP-0077,Compliance Drift,Medium,2026-07-02T00:00:00Z,LAPTOP-0077 reported compliance drift with DEX 55.
INC-00291,LAPTOP-0078,VPN Disconnect,Medium,2026-07-25T07:00:00Z,LAPTOP-0078 reported vpn disconnect with DEX 47.
INC-00292,LAPTOP-0078,OneDrive Sync,Low,2026-07-27T02:00:00Z,LAPTOP-0078 reported onedrive sync with DEX 47.
INC-00293,LAPTOP-0078,Wi-Fi Instability,Critical,2026-07-26T10:00:00Z,LAPTOP-0078 reported wi-fi instability with DEX 47.
INC-00294,LAPTOP-0079,Compliance Drift,High,2026-07-12T05:00:00Z,LAPTOP-0079 reported compliance drift with DEX 61.
INC-00295,LAPTOP-0079,CPU Saturation,High,2026-07-20T15:00:00Z,LAPTOP-0079 reported cpu saturation with DEX 61.
INC-00296,LAPTOP-0079,Teams Crash,Medium,2026-07-07T05:00:00Z,LAPTOP-0079 reported teams crash with DEX 61.
INC-00297,LAPTOP-0079,Disk Full,Low,2026-07-09T02:00:00Z,LAPTOP-0079 reported disk full with DEX 61.
INC-00298,LAPTOP-0080,Teams Crash,High,2026-07-18T05:00:00Z,LAPTOP-0080 reported teams crash with DEX 45.
INC-00299,LAPTOP-0080,Disk Full,Medium,2026-07-23T18:00:00Z,LAPTOP-0080 reported disk full with DEX 45.
INC-00300,LAPTOP-0080,Compliance Drift,Low,2026-07-11T16:00:00Z,LAPTOP-0080 reported compliance drift with DEX 45.
INC-00301,LAPTOP-0080,CPU Saturation,High,2026-07-15T18:00:00Z,LAPTOP-0080 reported cpu saturation with DEX 45.
INC-00302,LAPTOP-0080,Teams Crash,High,2026-07-20T16:00:00Z,LAPTOP-0080 reported teams crash with DEX 45.
INC-00303,LAPTOP-0080,Disk Full,Low,2026-07-08T01:00:00Z,LAPTOP-0080 reported disk full with DEX 45.
INC-00304,LAPTOP-0081,CPU Saturation,Medium,2026-07-27T00:00:00Z,LAPTOP-0081 reported cpu saturation with DEX 67.
INC-00305,LAPTOP-0081,Teams Crash,Low,2026-07-17T02:00:00Z,LAPTOP-0081 reported teams crash with DEX 67.
INC-00306,LAPTOP-0081,Disk Full,Low,2026-07-26T13:00:00Z,LAPTOP-0081 reported disk full with DEX 67.
INC-00307,LAPTOP-0081,Compliance Drift,Low,2026-07-11T10:00:00Z,LAPTOP-0081 reported compliance drift with DEX 67.
INC-00308,LAPTOP-0081,CPU Saturation,Low,2026-07-15T03:00:00Z,LAPTOP-0081 reported cpu saturation with DEX 67.
INC-00309,LAPTOP-0082,OneDrive Sync,Medium,2026-07-26T14:00:00Z,LAPTOP-0082 reported onedrive sync with DEX 38.
INC-00310,LAPTOP-0082,Wi-Fi Instability,Medium,2026-07-15T18:00:00Z,LAPTOP-0082 reported wi-fi instability with DEX 38.
INC-00311,LAPTOP-0082,Memory Pressure,Low,2026-07-01T22:00:00Z,LAPTOP-0082 reported memory pressure with DEX 38.
INC-00312,LAPTOP-0082,VPN Disconnect,Low,2026-07-12T19:00:00Z,LAPTOP-0082 reported vpn disconnect with DEX 38.
INC-00313,LAPTOP-0082,OneDrive Sync,Critical,2026-07-25T09:00:00Z,LAPTOP-0082 reported onedrive sync with DEX 38.
INC-00314,LAPTOP-0082,Wi-Fi Instability,High,2026-07-12T10:00:00Z,LAPTOP-0082 reported wi-fi instability with DEX 38.
INC-00315,LAPTOP-0083,VPN Disconnect,Low,2026-07-19T01:00:00Z,LAPTOP-0083 reported vpn disconnect with DEX 62.
INC-00316,LAPTOP-0083,OneDrive Sync,Medium,2026-07-09T07:00:00Z,LAPTOP-0083 reported onedrive sync with DEX 62.
INC-00317,LAPTOP-0084,OneDrive Sync,Low,2026-07-07T02:00:00Z,LAPTOP-0084 reported onedrive sync with DEX 68.
INC-00318,LAPTOP-0084,Wi-Fi Instability,Medium,2026-07-04T18:00:00Z,LAPTOP-0084 reported wi-fi instability with DEX 68.
INC-00319,LAPTOP-0084,Memory Pressure,Low,2026-07-01T11:00:00Z,LAPTOP-0084 reported memory pressure with DEX 68.
INC-00320,LAPTOP-0084,VPN Disconnect,Medium,2026-07-11T01:00:00Z,LAPTOP-0084 reported vpn disconnect with DEX 68.
INC-00321,LAPTOP-0084,OneDrive Sync,Medium,2026-07-15T17:00:00Z,LAPTOP-0084 reported onedrive sync with DEX 68.
INC-00322,LAPTOP-0085,Teams Crash,Low,2026-07-25T01:00:00Z,LAPTOP-0085 reported teams crash with DEX 41.
INC-00323,LAPTOP-0085,Disk Full,Low,2026-07-10T02:00:00Z,LAPTOP-0085 reported disk full with DEX 41.
INC-00324,LAPTOP-0085,Compliance Drift,Low,2026-07-23T01:00:00Z,LAPTOP-0085 reported compliance drift with DEX 41.
INC-00325,LAPTOP-0085,CPU Saturation,Low,2026-07-11T20:00:00Z,LAPTOP-0085 reported cpu saturation with DEX 41.
INC-00326,LAPTOP-0087,Compliance Drift,High,2026-07-22T20:00:00Z,LAPTOP-0087 reported compliance drift with DEX 44.
INC-00327,LAPTOP-0087,CPU Saturation,Low,2026-07-26T08:00:00Z,LAPTOP-0087 reported cpu saturation with DEX 44.
INC-00328,LAPTOP-0087,Teams Crash,Medium,2026-07-17T14:00:00Z,LAPTOP-0087 reported teams crash with DEX 44.
INC-00329,LAPTOP-0087,Disk Full,Low,2026-07-24T19:00:00Z,LAPTOP-0087 reported disk full with DEX 44.
INC-00330,LAPTOP-0087,Compliance Drift,Medium,2026-07-15T16:00:00Z,LAPTOP-0087 reported compliance drift with DEX 44.
INC-00331,LAPTOP-0087,CPU Saturation,Medium,2026-07-19T03:00:00Z,LAPTOP-0087 reported cpu saturation with DEX 44.
INC-00332,LAPTOP-0088,Disk Full,Critical,2026-07-17T10:00:00Z,LAPTOP-0088 reported disk full with DEX 44.
INC-00333,LAPTOP-0088,Compliance Drift,Medium,2026-07-16T22:00:00Z,LAPTOP-0088 reported compliance drift with DEX 44.
INC-00334,LAPTOP-0088,CPU Saturation,Low,2026-07-09T09:00:00Z,LAPTOP-0088 reported cpu saturation with DEX 44.
INC-00335,LAPTOP-0088,Teams Crash,Low,2026-07-27T15:00:00Z,LAPTOP-0088 reported teams crash with DEX 44.
INC-00336,LAPTOP-0088,Disk Full,Low,2026-07-20T10:00:00Z,LAPTOP-0088 reported disk full with DEX 44.
INC-00337,LAPTOP-0089,Memory Pressure,Medium,2026-07-24T20:00:00Z,LAPTOP-0089 reported memory pressure with DEX 40.
INC-00338,LAPTOP-0089,VPN Disconnect,High,2026-07-13T02:00:00Z,LAPTOP-0089 reported vpn disconnect with DEX 40.
INC-00339,LAPTOP-0089,OneDrive Sync,Low,2026-07-05T07:00:00Z,LAPTOP-0089 reported onedrive sync with DEX 40.
INC-00340,LAPTOP-0089,Wi-Fi Instability,Low,2026-07-05T07:00:00Z,LAPTOP-0089 reported wi-fi instability with DEX 40.
INC-00341,LAPTOP-0090,OneDrive Sync,High,2026-07-21T20:00:00Z,LAPTOP-0090 reported onedrive sync with DEX 32.
INC-00342,LAPTOP-0090,Wi-Fi Instability,Low,2026-07-20T04:00:00Z,LAPTOP-0090 reported wi-fi instability with DEX 32.
INC-00343,LAPTOP-0090,Memory Pressure,Critical,2026-07-21T22:00:00Z,LAPTOP-0090 reported memory pressure with DEX 32.
INC-00344,LAPTOP-0090,VPN Disconnect,High,2026-07-23T03:00:00Z,LAPTOP-0090 reported vpn disconnect with DEX 32.
INC-00345,LAPTOP-0091,Memory Pressure,Low,2026-07-14T12:00:00Z,LAPTOP-0091 reported memory pressure with DEX 36.
INC-00346,LAPTOP-0091,VPN Disconnect,Low,2026-07-12T16:00:00Z,LAPTOP-0091 reported vpn disconnect with DEX 36.
INC-00347,LAPTOP-0091,OneDrive Sync,Low,2026-07-02T14:00:00Z,LAPTOP-0091 reported onedrive sync with DEX 36.
INC-00348,LAPTOP-0091,Wi-Fi Instability,Low,2026-07-12T05:00:00Z,LAPTOP-0091 reported wi-fi instability with DEX 36.
INC-00349,LAPTOP-0091,Memory Pressure,Low,2026-07-16T01:00:00Z,LAPTOP-0091 reported memory pressure with DEX 36.
INC-00350,LAPTOP-0091,VPN Disconnect,Medium,2026-07-03T03:00:00Z,LAPTOP-0091 reported vpn disconnect with DEX 36.
INC-00351,LAPTOP-0092,Wi-Fi Instability,Low,2026-07-12T12:00:00Z,LAPTOP-0092 reported wi-fi instability with DEX 66.
INC-00352,LAPTOP-0092,Memory Pressure,Critical,2026-07-27T10:00:00Z,LAPTOP-0092 reported memory pressure with DEX 66.
INC-00353,LAPTOP-0092,VPN Disconnect,Low,2026-07-11T06:00:00Z,LAPTOP-0092 reported vpn disconnect with DEX 66.
INC-00354,LAPTOP-0092,OneDrive Sync,Low,2026-07-05T13:00:00Z,LAPTOP-0092 reported onedrive sync with DEX 66.
INC-00355,LAPTOP-0092,Wi-Fi Instability,Medium,2026-07-17T21:00:00Z,LAPTOP-0092 reported wi-fi instability with DEX 66.
INC-00356,LAPTOP-0092,Memory Pressure,Critical,2026-07-16T08:00:00Z,LAPTOP-0092 reported memory pressure with DEX 66.
INC-00357,LAPTOP-0093,OneDrive Sync,Medium,2026-07-04T14:00:00Z,LAPTOP-0093 reported onedrive sync with DEX 74.
INC-00358,LAPTOP-0093,Wi-Fi Instability,Medium,2026-07-14T04:00:00Z,LAPTOP-0093 reported wi-fi instability with DEX 74.
INC-00359,LAPTOP-0093,Memory Pressure,Low,2026-07-10T22:00:00Z,LAPTOP-0093 reported memory pressure with DEX 74.
INC-00360,LAPTOP-0093,VPN Disconnect,Medium,2026-07-26T00:00:00Z,LAPTOP-0093 reported vpn disconnect with DEX 74.
INC-00361,LAPTOP-0093,OneDrive Sync,High,2026-07-09T20:00:00Z,LAPTOP-0093 reported onedrive sync with DEX 74.
INC-00362,LAPTOP-0093,Wi-Fi Instability,Low,2026-07-01T12:00:00Z,LAPTOP-0093 reported wi-fi instability with DEX 74.
INC-00363,LAPTOP-0093,Memory Pressure,Low,2026-07-11T16:00:00Z,LAPTOP-0093 reported memory pressure with DEX 74.
INC-00364,LAPTOP-0095,Disk Full,Medium,2026-07-22T22:00:00Z,LAPTOP-0095 reported disk full with DEX 56.
INC-00365,LAPTOP-0095,Compliance Drift,Low,2026-07-01T18:00:00Z,LAPTOP-0095 reported compliance drift with DEX 56.
INC-00366,LAPTOP-0095,CPU Saturation,High,2026-07-10T02:00:00Z,LAPTOP-0095 reported cpu saturation with DEX 56.
INC-00367,LAPTOP-0095,Teams Crash,Low,2026-07-14T20:00:00Z,LAPTOP-0095 reported teams crash with DEX 56.
INC-00368,LAPTOP-0095,Disk Full,Medium,2026-07-07T14:00:00Z,LAPTOP-0095 reported disk full with DEX 56.
INC-00369,LAPTOP-0096,Memory Pressure,Critical,2026-07-07T05:00:00Z,LAPTOP-0096 reported memory pressure with DEX 64.
INC-00370,LAPTOP-0096,VPN Disconnect,Critical,2026-07-25T20:00:00Z,LAPTOP-0096 reported vpn disconnect with DEX 64.
INC-00371,LAPTOP-0096,OneDrive Sync,Low,2026-07-09T11:00:00Z,LAPTOP-0096 reported onedrive sync with DEX 64.
INC-00372,LAPTOP-0097,Disk Full,Low,2026-07-02T16:00:00Z,LAPTOP-0097 reported disk full with DEX 59.
INC-00373,LAPTOP-0097,Compliance Drift,Low,2026-07-22T10:00:00Z,LAPTOP-0097 reported compliance drift with DEX 59.
INC-00374,LAPTOP-0097,CPU Saturation,Medium,2026-07-12T09:00:00Z,LAPTOP-0097 reported cpu saturation with DEX 59.
INC-00375,LAPTOP-0097,Teams Crash,Low,2026-07-20T08:00:00Z,LAPTOP-0097 reported teams crash with DEX 59.
INC-00376,LAPTOP-0097,Disk Full,Medium,2026-07-25T01:00:00Z,LAPTOP-0097 reported disk full with DEX 59.
INC-00377,LAPTOP-0098,Memory Pressure,Low,2026-07-20T17:00:00Z,LAPTOP-0098 reported memory pressure with DEX 50.
INC-00378,LAPTOP-0098,VPN Disconnect,Critical,2026-07-08T00:00:00Z,LAPTOP-0098 reported vpn disconnect with DEX 50.
INC-00379,LAPTOP-0098,OneDrive Sync,High,2026-07-02T21:00:00Z,LAPTOP-0098 reported onedrive sync with DEX 50.
INC-00380,LAPTOP-0098,Wi-Fi Instability,Low,2026-07-11T19:00:00Z,LAPTOP-0098 reported wi-fi instability with DEX 50.
INC-00381,LAPTOP-0098,Memory Pressure,Medium,2026-07-02T11:00:00Z,LAPTOP-0098 reported memory pressure with DEX 50.
INC-00382,LAPTOP-0098,VPN Disconnect,Low,2026-07-14T09:00:00Z,LAPTOP-0098 reported vpn disconnect with DEX 50.
INC-00383,LAPTOP-0099,Wi-Fi Instability,Low,2026-07-12T10:00:00Z,LAPTOP-0099 reported wi-fi instability with DEX 39.
INC-00384,LAPTOP-0099,Memory Pressure,Low,2026-07-08T05:00:00Z,LAPTOP-0099 reported memory pressure with DEX 39.
INC-00385,LAPTOP-0099,VPN Disconnect,Medium,2026-07-04T14:00:00Z,LAPTOP-0099 reported vpn disconnect with DEX 39.
INC-00386,LAPTOP-0099,OneDrive Sync,Medium,2026-07-17T16:00:00Z,LAPTOP-0099 reported onedrive sync with DEX 39.
INC-00387,LAPTOP-0099,Wi-Fi Instability,Medium,2026-07-03T05:00:00Z,LAPTOP-0099 reported wi-fi instability with DEX 39.
INC-00388,LAPTOP-0099,Memory Pressure,Medium,2026-07-16T07:00:00Z,LAPTOP-0099 reported memory pressure with DEX 39.
INC-00389,LAPTOP-0099,VPN Disconnect,Critical,2026-07-18T20:00:00Z,LAPTOP-0099 reported vpn disconnect with DEX 39.
INC-00390,LAPTOP-0100,Compliance Drift,Low,2026-07-11T07:00:00Z,LAPTOP-0100 reported compliance drift with DEX 75.
INC-00391,LAPTOP-0100,CPU Saturation,Low,2026-07-09T19:00:00Z,LAPTOP-0100 reported cpu saturation with DEX 75.
INC-00392,LAPTOP-0100,Teams Crash,High,2026-07-09T15:00:00Z,LAPTOP-0100 reported teams crash with DEX 75.
INC-00393,LAPTOP-1204,Memory Pressure,Low,2026-07-21T01:00:00Z,LAPTOP-1204 reported memory pressure with DEX 41.
INC-00394,LAPTOP-1204,VPN Disconnect,Medium,2026-07-07T20:00:00Z,LAPTOP-1204 reported vpn disconnect with DEX 41.
INC-00395,LAPTOP-1204,OneDrive Sync,Critical,2026-07-02T13:00:00Z,LAPTOP-1204 reported onedrive sync with DEX 41.
INC-00396,LAPTOP-1204,Wi-Fi Instability,Low,2026-07-03T05:00:00Z,LAPTOP-1204 reported wi-fi instability with DEX 41.
INC-00397,LAPTOP-1204,Memory Pressure,Low,2026-07-18T11:00:00Z,LAPTOP-1204 reported memory pressure with DEX 41.
INC-00398,LAPTOP-1204,VPN Disconnect,Medium,2026-07-10T09:00:00Z,LAPTOP-1204 reported vpn disconnect with DEX 41.
INC-00399,LAPTOP-1204,OneDrive Sync,Medium,2026-07-14T02:00:00Z,LAPTOP-1204 reported onedrive sync with DEX 41.
INC-00400,LAPTOP-1507,CPU Saturation,Medium,2026-07-19T00:00:00Z,LAPTOP-1507 reported cpu saturation with DEX 58.
INC-00401,LAPTOP-1507,Teams Crash,Medium,2026-07-06T13:00:00Z,LAPTOP-1507 reported teams crash with DEX 58.
INC-00402,LAPTOP-2031,Teams Crash,High,2026-07-20T07:00:00Z,LAPTOP-2031 reported teams crash with DEX 49.
INC-00403,LAPTOP-2031,Disk Full,Low,2026-07-10T20:00:00Z,LAPTOP-2031 reported disk full with DEX 49.
INC-00404,LAPTOP-2031,Compliance Drift,Medium,2026-07-23T03:00:00Z,LAPTOP-2031 reported compliance drift with DEX 49.
INC-00405,LAPTOP-9910,OneDrive Sync,Low,2026-07-13T03:00:00Z,LAPTOP-9910 reported onedrive sync with DEX 46.
INC-00406,LAPTOP-9910,Wi-Fi Instability,High,2026-07-18T03:00:00Z,LAPTOP-9910 reported wi-fi instability with DEX 46.
INC-00407,LAPTOP-9910,Memory Pressure,Low,2026-07-02T11:00:00Z,LAPTOP-9910 reported memory pressure with DEX 46.
INC-00408,LAPTOP-9910,VPN Disconnect,Low,2026-07-11T19:00:00Z,LAPTOP-9910 reported vpn disconnect with DEX 46.
INC-00409,LAPTOP-9910,OneDrive Sync,Medium,2026-07-05T01:00:00Z,LAPTOP-9910 reported onedrive sync with DEX 46.
INC-00410,LAPTOP-9910,Wi-Fi Instability,Medium,2026-07-01T14:00:00Z,LAPTOP-9910 reported wi-fi instability with DEX 46.
INC-00411,LAPTOP-9910,Memory Pressure,Medium,2026-07-19T13:00:00Z,LAPTOP-9910 reported memory pressure with DEX 46.
INC-00412,LAPTOP-9910,VPN Disconnect,Medium,2026-07-04T11:00:00Z,LAPTOP-9910 reported vpn disconnect with DEX 46.
INC-00413,LAPTOP-9910,OneDrive Sync,Medium,2026-07-16T13:00:00Z,LAPTOP-9910 reported onedrive sync with DEX 46.
INC-00414,LAPTOP-1204,Compliance Drift,High,2026-07-23T12:00:00Z,Recurring digital workplace degradation on LAPTOP-1204.
INC-00415,LAPTOP-1204,Wi-Fi Instability,High,2026-07-21T12:00:00Z,Recurring digital workplace degradation on LAPTOP-1204.
INC-00416,LAPTOP-1204,CPU Saturation,High,2026-07-01T12:00:00Z,Recurring digital workplace degradation on LAPTOP-1204.
INC-00417,LAPTOP-9910,Memory Pressure,High,2026-07-26T12:00:00Z,Recurring digital workplace degradation on LAPTOP-9910.
INC-00418,LAPTOP-9910,Teams Crash,High,2026-07-20T12:00:00Z,Recurring digital workplace degradation on LAPTOP-9910.
INC-00419,LAPTOP-9910,VPN Disconnect,High,2026-07-23T12:00:00Z,Recurring digital workplace degradation on LAPTOP-9910.
INC-00420,LAPTOP-9910,Disk Full,High,2026-07-14T12:00:00Z,Recurring digital workplace degradation on LAPTOP-9910.
